62,people,,n,790 adjectives
84,way,,n,2479 nouns
90,day,,n,
94,man,,n,
97,thing,,n,
111,woman,,n,
114,life,,n,
115,child,,n,
123,world,,n,
125,school,,n,
137,state,,n,
147,family,,n,
157,student,,n,
163,group,,n,
166,country,,n,
171,problem,,n,
174,hand,,n,
178,part,,n,
181,place,,n,
186,case,,n,
188,week,,n,
189,company,,n,
191,system,,n,
194,program,,n,
197,question,,n,
199,work,,n,
201,government,,n,
204,number,,n,
209,night,,n,
212,point,,n,
225,home,,n,
227,water,,n,
228,room,,n,
230,mother,,n,
231,area,,n,
233,money,,n,
234,story,,n,
236,fact,,n,
237,month,,n,
240,right,,n,
241,study,,n,
242,book,,n,
243,eye,,n,
244,job,,n,
245,word,,n,
247,business,,n,
248,issue,,n,
249,side,,n,
250,kind,,n,
252,head,,n,
258,house,,n,
264,service,,n,
266,friend,,n,
268,father,,n,
272,power,,n,
273,hour,,n,
274,game,,n,
277,line,,n,
279,end,,n,
286,member,,n,
288,law,,n,
290,car,,n,
291,city,,n,
297,community,,n,
299,name,,n,
304,president,,n,
308,team,,n,
309,minute,,n,
312,idea,,n,
313,kid,,n,
314,body,,n,
315,information,,n,
323,back,,n,
328,parent,,n,
331,face,,n,
337,others,,n,
339,level,,n,
342,office,,n,
344,door,,n,
345,health,,n,
346,person,,n,
347,art,,n,
350,war,,n,
351,history,,n,
352,party,,n,
355,result,,n,
357,change,,n,
358,morning,,n,
360,reason,,n,
363,research,,n,
364,girl,,n,
365,guy,,n,
367,food,,n,
369,moment,,n,
371,air,,n,
372,teacher,,n,
373,force,,n,
377,education,,n,
381,foot,,n,
383,boy,,n,
387,age,,n,
389,policy,,n,
392,process,,n,
393,music,,n,
403,market,,n,
408,sense,,n,
413,nation,,n,
414,plan,,n,
416,college,,n,
417,interest,,n,
418,death,,n,
421,experience,,n,
428,effect,,n,
432,class,,n,
440,field,,n,
452,role,,n,
458,rate,,n,
461,heart,,n,
462,drug,,n,
463,show,,n,
464,leader,,n,
465,light,,n,
466,voice,,n,
467,wife,,n,
469,police,,n,
470,mind,,n,
476,price,,n,
477,report,,n,
480,decision,,n,
482,son,,n,
486,view,,n,
489,town,,n,
490,road,,n,
492,arm,,n,
500,value,,n,
502,building,,n,
503,action,,n,
505,model,,n,
507,season,,n,
508,society,,n,
510,tax,,n,
511,director,,n,
513,position,,n,
514,player,,n,
517,record,,n,
520,paper,,n,
522,space,,n,
523,ground,,n,
524,form,,n,
526,event,,n,
527,official,,n,
529,matter,,n,
531,centre,center,n,
532,couple,,n,
533,site,,n,
535,project,,n,
538,activity,,n,
539,star,,n,
540,table,,n,
541,need,,n,
542,court,,n,
547,oil,,n,
549,situation,,n,
551,cost,,n,
552,industry,,n,
553,figure,,n,
555,street,,n,
556,image,,n,
558,phone,,n,
560,data,,n,
563,picture,,n,
565,practice,,n,
566,piece,,n,
567,land,,n,
570,product,,n,
571,doctor,,n,
572,wall,,n,
573,patient,,n,
574,worker,,n,
575,news,,n,
576,test,,n,
577,movie,,n,
579,north,,n,
580,love,,n,
583,support,,n,
586,technology,,n,
588,step,,n,
589,baby,,n,
590,computer,,n,
591,type,,n,
592,attention,,n,
594,film,,n,
596,tree,,n,
597,source,,n,
600,organisation,organization,n,
603,hair,,n,
604,look,,n,
606,century,,n,
607,evidence,,n,
608,window,,n,
612,culture,,n,
614,chance,,n,
615,brother,,n,
616,energy,,n,
617,period,,n,
618,course,,n,
619,summer,,n,
624,plant,,n,
626,opportunity,,n,
627,term,,n,
629,letter,,n,
630,condition,,n,
631,choice,,n,
634,rule,,n,
635,daughter,,n,
637,south,,n,
638,husband,,n,
640,floor,,n,
641,campaign,,n,
642,material,,n,
643,population,,n,
645,call,,n,
646,economy,,n,
648,hospital,,n,
649,church,,n,
652,risk,,n,
654,fire,,n,
655,future,,n,
658,defence,defense,n,
661,security,,n,
662,bank,,n,
665,west,,n,
666,sport,,n,
667,board,,n,
670,subject,,n,
671,officer,,n,
673,rest,,n,
674,behaviour,behavior,n,
676,performance,,n,
679,top,,n,
682,goal,,n,
683,second,,n,
684,bed,,n,
685,order,,n,
686,author,,n,
693,blood,,n,
695,agency,,n,
697,nature,,n,
698,colour,color,n,
701,store,,n,
703,sound,,n,
708,movement,,n,
709,page,,n,
717,race,,n,
718,concern,,n,
719,series,,n,
723,language,,n,
726,response,,n,
729,animal,,n,
730,factor,,n,
731,decade,,n,
732,article,,n,
734,east,,n,
737,artist,,n,
739,scene,,n,
740,stock,,n,
741,career,,n,
746,treatment,,n,
753,size,,n,
754,dog,,n,
755,fund,,n,
758,media,,n,
760,sign,,n,
761,thought,,n,
762,list,,n,
763,individual,,n,
768,answer,,n,
773,meeting,,n,
776,disease,,n,
778,success,,n,
780,cup,,n,
782,amount,,n,
783,ability,,n,
784,staff,,n,
787,character,,n,
788,growth,,n,
789,loss,,n,
790,degree,,n,
792,attack,,n,
794,region,,n,
795,television,,n,
796,box,,n,
798,training,,n,
800,trade,,n,
801,deal,,n,
802,election,,n,
807,feeling,,n,
808,standard,,n,
809,bill,,n,
810,message,,n,
814,analysis,,n,
815,benefit,,n,
819,lawyer,,n,
821,section,,n,
823,glass,,n,
825,skill,,n,
826,sister,,n,
828,professor,,n,
829,operation,,n,
831,crime,,n,
832,stage,,n,
835,authority,,n,
837,design,,n,
838,sort,,n,
839,one,,n,
842,knowledge,,n,
843,gun,,n,
844,station,,n,
847,strategy,,n,
853,truth,,n,
854,song,,n,
855,example,,n,
858,environment,,n,
859,leg,,n,
861,public,,n,
867,set,,n,
872,rock,,n,
878,note,,n,
880,manager,,n,
881,help,,n,
885,network,,n,
892,science,,n,
894,memory,,n,
895,card,,n,
897,seat,,n,
898,cell,,n,
901,trial,,n,
902,expert,,n,
904,spring,,n,
905,firm,,n,
907,radio,,n,
909,management,,n,
915,ball,,n,
920,talk,,n,
921,theory,,n,
922,impact,,n,
926,charge,,n,
931,direction,,n,
932,weapon,,n,
933,employee,,n,
936,peace,,n,
939,base,,n,
940,pain,,n,
942,play,,n,
943,measure,,n,
947,interview,,n,
949,chair,,n,
950,fish,,n,
952,camera,,n,
953,structure,,n,
954,politics,,n,
956,bit,,n,
957,weight,,n,
960,candidate,,n,
962,production,,n,
964,trip,,n,
965,evening,,n,
968,conference,,n,
969,unit,,n,
971,style,,n,
972,adult,,n,
974,range,,n,
979,past,,n,
980,edge,,n,
983,writer,,n,
984,trouble,,n,
987,challenge,,n,
988,fear,,n,
989,shoulder,,n,
990,institution,,n,
992,sea,,n,
993,dream,,n,
994,bar,,n,
996,property,,n,
999,stuff,,n,
1000,detail,,n,
1001,method,,n,
1004,magazine,,n,
1005,hotel,,n,
1006,soldier,,n,
1010,cause,,n,
1011,bag,,n,
1012,heat,,n,
1013,fall,,n,
1014,marriage,,n,
1017,surface,,n,
1018,purpose,,n,
1020,pattern,,n,
1022,skin,,n,
1023,agent,,n,
1024,owner,,n,
1025,machine,,n,
1026,gas,,n,
1029,generation,,n,
1034,item,,n,
1035,reality,,n,
1036,coach,,n,
1039,yard,,n,
1041,violence,,n,
1044,investment,,n,
1045,discussion,,n,
1046,finger,,n,
1047,garden,,n,
1049,collection,,n,
1051,task,,n,
1052,partner,,n,
1055,kitchen,,n,
1056,consumer,,n,
1057,shot,,n,
1058,budget,,n,
1060,painting,,n,
1061,scientist,,n,
1063,agreement,,n,
1064,capital,,n,
1065,mouth,,n,
1067,victim,,n,
1068,newspaper,,n,
1070,threat,,n,
1071,responsibility,,n,
1073,attorney,,n,
1074,score,,n,
1075,account,,n,
1077,break,,n,
1078,audience,,n,
1080,dinner,,n,
1082,vote,,n,
1086,debate,,n,
1088,citizen,,n,
1089,majority,,n,
1096,wind,,n,
1099,mission,,n,
1102,customer,,n,
1104,speech,,n,
1106,option,,n,
1107,participant,,n,
1112,forest,,n,
1113,video,,n,
1116,reform,,n,
1117,access,,n,
1118,restaurant,,n,
1119,judge,,n,
1122,relation,,n,
1126,bird,,n,
1127,opinion,,n,
1128,credit,,n,
1130,corner,,n,
1133,version,,n,
1135,safety,,n,
1137,neighbourhood,neighborhood,n,
1139,act,,n,
1140,troop,,n,
1141,income,,n,
1144,species,,n,
1146,track,,n,
1149,hope,,n,
1150,sky,,n,
1151,freedom,,n,
1153,plane,,n,
1156,object,,n,
1157,attitude,,n,
1158,labour,labor,n,
1160,concept,,n,
1161,client,,n,
1168,conversation,,n,
1175,variety,,n,
1177,turn,,n,
1179,investigation,,n,
1181,researcher,,n,
1182,press,,n,
1183,conflict,,n,
1184,spirit,,n,
1189,argument,,n,
1192,camp,,n,
1193,brain,,n,
1194,feature,,n,
1195,afternoon,,n,
1197,weekend,,n,
1199,possibility,,n,
1201,insurance,,n,
1202,department,,n,
1203,battle,,n,
1204,beginning,,n,
1205,date,,n,
1210,crisis,,n,
1212,fan,,n,
1217,hole,,n,
1218,element,,n,
1219,vision,,n,
1220,status,,n,
1223,ship,,n,
1224,solution,,n,
1225,stone,,n,
1227,scale,,n,
1229,university,,n,
1231,driver,,n,
1232,attempt,,n,
1233,park,,n,
1234,spot,,n,
1235,lack,,n,
1236,ice,,n,
1237,boat,,n,
1239,sun,,n,
1241,distance,,n,
1242,wood,,n,
1244,truck,,n,
1245,return,,n,
1246,mountain,,n,
1247,survey,,n,
1249,tradition,,n,
1250,winter,,n,
1251,village,,n,
1254,sales,,n,
1256,communication,,n,
1257,run,,n,
1258,screen,,n,
1260,resident,,n,
1262,gold,,n,
1263,club,,n,
1265,farm,,n,
1267,increase,,n,
1268,middle,,n,
1270,presence,,n,
1272,district,,n,
1273,shape,,n,
1274,reader,,n,
1276,contract,,n,
1277,crowd,,n,
1280,apartment,,n,
1282,strength,,n,
1284,band,,n,
1286,horse,,n,
1288,target,,n,
1289,prison,,n,
1291,guard,,n,
1293,demand,,n,
1294,reporter,,n,
1296,text,,n,
1297,share,,n,
1298,tool,,n,
1300,vehicle,,n,
1302,flight,,n,
1304,facility,,n,
1305,understanding,,n,
1308,advantage,,n,
1311,leadership,,n,
1313,pound,,n,
1314,basis,,n,
1317,guest,,n,
1318,sample,,n,
1321,block,,n,
1322,protection,,n,
1327,while,,n,
1329,identity,,n,
1330,title,,n,
1332,lesson,,n,
1333,faith,,n,
1334,river,,n,
1336,living,,n,
1342,technique,,n,
1343,path,,n,
1344,ear,,n,
1345,shop,,n,
1346,folk,,n,
1348,principle,,n,
1351,border,,n,
1352,competition,,n,
1357,claim,,n,
1359,equipment,,n,
1362,critic,,n,
1364,aspect,,n,
1367,failure,,n,
1371,comment,,n,
1373,affair,,n,
1376,procedure,,n,
1379,chairman,,n,
1380,baseball,,n,
1383,egg,,n,
1385,belief,,n,
1388,murder,,n,
1389,gift,,n,
1390,religion,,n,
1391,review,,n,
1392,editor,,n,
1395,coffee,,n,
1396,document,,n,
1397,speed,,n,
1399,influence,,n,
1404,youth,,n,
1405,wave,,n,
1406,move,,n,
1408,quarter,,n,
1409,background,,n,
1416,reaction,,n,
1418,suit,,n,
1419,perspective,,n,
1422,construction,,n,
1424,intelligence,,n,
1427,connection,,n,
1430,shoe,,n,
1432,grade,,n,
1433,context,,n,
1434,committee,,n,
1436,mistake,,n,
1437,focus,,n,
1438,smile,,n,
1439,location,,n,
1440,clothes,,n,
1446,neighbour,neighbor,n,
1448,drive,,n,
1449,function,,n,
1450,bone,,n,
1454,average,,n,
1456,wine,,n,
1459,voter,,n,
1460,mean,,n,
1462,learning,,n,
1463,bus,,n,
1464,hell,,n,
1469,category,,n,
1471,victory,,n,
1472,key,,n,
1474,visit,,n,
1481,medicine,,n,
1482,tour,,n,
1484,photo,,n,
1485,finding,,n,
1488,classroom,,n,
1489,contact,,n,
1490,justice,,n,
1494,pair,,n,
1496,exercise,,n,
1497,knee,,n,
1498,flower,,n,
1499,tape,,n,
1503,supply,,n,
1505,cut,,n,
1506,will,,n,
1507,actor,,n,
1508,birth,,n,
1509,search,,n,
1511,democracy,,n,
1515,circle,,n,
1516,device,,n,
1517,progress,,n,
1519,front,,n,
1520,bottom,,n,
1521,island,,n,
1522,exchange,,n,
1524,studio,,n,
1526,lady,,n,
1527,colleague,,n,
1528,application,,n,
1529,neck,,n,
1531,damage,,n,
1532,plastic,,n,
1534,plate,,n,
1537,writing,,n,
1540,start,,n,
1542,expression,,n,
1543,football,,n,
1546,chicken,,n,
1547,army,,n,
1548,abuse,,n,
1549,theatre,theater,n,
1551,map,,n,
1553,session,,n,
1554,danger,,n,
1558,literature,,n,
1559,rain,,n,
1560,desire,,n,
1561,assessment,,n,
1562,injury,,n,
1563,respect,,n,
1567,fuel,,n,
1568,leaf,,n,
1572,instruction,,n,
1573,fight,,n,
1574,pool,,n,
1577,lead,,n,
1578,engine,,n,
1580,salt,,n,
1582,importance,,n,
1583,metal,,n,
1584,fat,,n,
1585,ticket,,n,
1586,software,,n,
1590,lip,,n,
1591,reading,,n,
1595,lunch,,n,
1598,farmer,,n,
1600,sugar,,n,
1601,planet,,n,
1605,enemy,,n,
1609,athlete,,n,
1613,soul,,n,
1616,panel,,n,
1617,meaning,,n,
1621,instrument,,n,
1623,weather,,n,
1626,commitment,,n,
1629,pocket,,n,
1631,temperature,,n,
1632,surprise,,n,
1633,poll,,n,
1634,proposal,,n,
1635,consequence,,n,
1636,half,,n,
1637,breath,,n,
1638,sight,,n,
1639,cover,,n,
1640,balance,,n,
1642,minority,,n,
1646,works,,n,
1647,teaching,,n,
1649,aid,,n,
1650,advice,,n,
1652,photograph,,n,
1655,trail,,n,
1656,novel,,n,
1657,code,,n,
1660,jury,,n,
1661,breast,,n,
1663,human,,n,
1665,theme,,n,
1666,storm,,n,
1667,union,,n,
1669,desk,,n,
1671,thanks,,n,
1672,fruit,,n,
1676,conclusion,,n,
1678,shadow,,n,
1681,analyst,,n,
1682,dance,,n,
1683,limit,,n,
1685,regulation,,n,
1686,being,,n,
1688,ring,,n,
1691,revenue,,n,
1694,county,,n,
1695,appearance,,n,
1696,package,,n,
1697,difficulty,,n,
1698,bridge,,n,
1701,train,,n,
1703,e-mail,,n,
1707,thinking,,n,
1709,trend,,n,
1710,visitor,,n,
1711,loan,,n,
1714,investor,,n,
1716,profit,,n,
1718,crew,,n,
1720,accident,,n,
1721,male,,n,
1722,meal,,n,
1723,hearing,,n,
1724,traffic,,n,
1725,muscle,,n,
1726,notion,,n,
1730,earth,,n,
1732,chest,,n,
1735,cash,,n,
1736,museum,,n,
1737,beauty,,n,
1738,emergency,,n,
1744,stress,,n,
1745,content,,n,
1747,root,,n,
1748,nose,,n,
1753,bottle,,n,
1755,setting,,n,
1757,dress,,n,
1758,file,,n,
1760,outcome,,n,
1761,ad,,n,
1765,duty,,n,
1766,sheet,,n,
1771,extent,,n,
1772,component,,n,
1776,contrast,,n,
1777,zone,,n,
1780,airport,,n,
1781,chief,,n,
1784,shirt,,n,
1785,pilot,,n,
1788,cat,,n,
1789,contribution,,n,
1790,capacity,,n,
1792,estate,,n,
1793,guide,,n,
1794,circumstance,,n,
1795,snow,,n,
1797,politician,,n,
1801,percentage,,n,
1802,meat,,n,
1805,soil,,n,
1807,surgery,,n,
1813,basketball,,n,
1815,golf,,n,
1819,chain,,n,
1820,address,,n,
1821,branch,,n,
1822,combination,,n,
1825,governor,,n,
1826,relief,,n,
1827,user,,n,
1828,dad,,n,
1831,manner,,n,
1833,silence,,n,
1834,rating,,n,
1836,motion,,n,
1838,gender,,n,
1840,fee,,n,
1841,landscape,,n,
1843,bowl,,n,
1848,frame,,n,
1853,host,,n,
1854,hall,,n,
1856,ocean,,n,
1858,row,,n,
1859,producer,,n,
1862,regime,,n,
1863,division,,n,
1866,appeal,,n,
1867,mirror,,n,
1868,tooth,,n,
1870,length,,n,
1873,topic,,n,
1876,variable,,n,
1879,telephone,,n,
1880,perception,,n,
1882,confidence,,n,
1883,bedroom,,n,
1884,secret,,n,
1885,debt,,n,
1888,tank,,n,
1889,nurse,,n,
1890,coverage,,n,
1891,opposition,,n,
1894,bond,,n,
1896,pleasure,,n,
1897,master,,n,
1898,era,,n,
1899,requirement,,n,
1900,check,,n,
1901,stand,,n,
1902,fun,,n,
1903,expectation,,n,
1904,wing,,n,
1908,struggle,,n,
1913,judgement,judgment,n,
1916,beer,,n,
1918,reference,,n,
1919,tear,,n,
1920,doubt,,n,
1924,minister,,n,
1926,hero,,n,
1928,cloud,,n,
1930,winner,,n,
1931,volume,,n,
1932,travel,,n,
1933,seed,,n,
1936,fashion,,n,
1937,pepper,,n,
1940,intervention,,n,
1941,copy,,n,
1942,tip,,n,
1947,welfare,,n,
1948,vegetable,,n,
1950,dish,,n,
1951,beach,,n,
1952,improvement,,n,
1954,opening,,n,
1961,route,,n,
1965,league,,n,
1968,core,,n,
1974,rise,,n,
1975,tie,,n,
1977,holiday,,n,
1980,resolution,,n,
1981,household,,n,
1983,abortion,,n,
1985,witness,,n,
1988,sector,,n,
1989,representative,,n,
1993,black,,n,
1994,incident,,n,
1997,flow,,n,
1998,faculty,,n,
2000,waste,,n,
2002,mass,,n,
2004,experiment,,n,
2006,bomb,,n,
2008,tone,,n,
2011,engineer,,n,
2012,wheel,,n,
2013,female,,n,
2016,promise,,n,
2017,cable,,n,
2024,cream,,n,
2025,secretary,,n,
2026,gate,,n,
2028,hill,,n,
2030,noise,,n,
2031,grass,,n,
2033,hat,,n,
2034,legislation,,n,
2038,achievement,,n,
2039,fishing,,n,
2040,drink,,n,
2047,talent,,n,
2048,taste,,n,
2049,characteristic,,n,
2050,milk,,n,
2053,sentence,,n,
2057,height,,n,
2058,physician,,n,
2060,sleep,,n,
2062,ride,,n,
2071,explanation,,n,
2074,campus,,n,
2084,potential,,n,
2085,immigrant,,n,
2089,alternative,,n,
2090,interaction,,n,
2091,column,,n,
2092,personality,,n,
2093,signal,,n,
2094,curriculum,,n,
2096,honour,honor,n,
2097,passenger,,n,
2098,assistance,,n,
2103,association,,n,
2108,lab,,n,
2109,offer,,n,
2111,criticism,,n,
2112,asset,,n,
2113,depression,,n,
2116,journalist,,n,
2117,prayer,,n,
2119,scholar,,n,
2120,warning,,n,
2121,climate,,n,
2122,cheese,,n,
2123,observation,,n,
2124,childhood,,n,
2125,payment,,n,
2126,sir,,n,
2128,cigarette,,n,
2129,definition,,n,
2130,priority,,n,
2131,bread,,n,
2132,creation,,n,
2133,graduate,,n,
2134,request,,n,
2135,emotion,,n,
2138,universe,,n,
2139,gap,,n,
2142,prosecutor,,n,
2143,mark,,n,
2144,green,,n,
2147,airline,,n,
2148,library,,n,
2149,agenda,,n,
2151,factory,,n,
2152,selection,,n,
2154,roof,,n,
2156,expense,,n,
2157,initiative,,n,
2158,diet,,n,
2160,funding,,n,
2161,therapy,,n,
2163,schedule,,n,
2166,housing,,n,
2167,post,,n,
2170,dark,,n,
2171,steel,,n,
2177,chip,,n,
2181,self,,n,
2182,bike,,n,
2183,tea,,n,
2185,comparison,,n,
2186,settlement,,n,
2187,layer,,n,
2188,planning,,n,
2190,description,,n,
2195,wedding,,n,
2197,portion,,n,
2198,territory,,n,
2200,opponent,,n,
2202,link,,n,
2204,lake,,n,
2206,tension,,n,
2207,display,,n,
2211,alcohol,,n,
2214,saving,,n,
2215,gain,,n,
2216,desert,,n,
2218,error,,n,
2219,release,,n,
2220,cop,,n,
2223,walk,,n,
2224,sand,,n,
2227,hit,,n,
2228,print,,n,
2230,passage,,n,
2232,transition,,n,
2233,existence,,n,
2234,album,,n,
2235,participation,,n,
2237,atmosphere,,n,
2240,cycle,,n,
2243,whole,,n,
2246,resistance,,n,
2247,discovery,,n,
2249,exposure,,n,
2251,stream,,n,
2252,sale,,n,
2253,trust,,n,
2255,pot,,n,
2259,coalition,,n,
2260,tale,,n,
2261,knife,,n,
2264,phase,,n,
2265,present,,n,
2266,joke,,n,
2267,coat,,n,
2269,symptom,,n,
2271,manufacturer,,n,
2272,philosophy,,n,
2273,potato,,n,
2275,foundation,,n,
2278,pass,,n,
2279,negotiation,,n,
2280,good,,n,
2282,occasion,,n,
2283,dust,,n,
2286,investigator,,n,
2287,jacket,,n,
2290,reduction,,n,
2292,shift,,n,
2294,suicide,,n,
2296,touch,,n,
2297,substance,,n,
2298,discipline,,n,
2300,iron,,n,
2303,passion,,n,
2304,volunteer,,n,
2307,gene,,n,
2308,enforcement,,n,
2310,sauce,,n,
2311,independence,,n,
2312,marketing,,n,
2313,priest,,n,
2316,advance,,n,
2317,employer,,n,
2318,shock,,n,
2325,illness,,n,
2326,cap,,n,
2327,habit,,n,
2329,juice,,n,
2331,involvement,,n,
2341,disaster,,n,
2342,parking,,n,
2343,prospect,,n,
2344,boss,,n,
2345,complaint,,n,
2346,championship,,n,
2352,mystery,,n,
2354,poverty,,n,
2356,entry,,n,
2358,spending,,n,
2359,king,,n,
2361,symbol,,n,
2364,maker,,n,
2365,mood,,n,
2367,emphasis,,n,
2369,boot,,n,
2372,entertainment,,n,
2373,bean,,n,
2374,evaluation,,n,
2375,creature,,n,
2376,commander,,n,
2378,arrangement,,n,
2380,total,,n,
2382,anger,,n,
2385,peak,,n,
2388,disorder,,n,
2389,missile,,n,
2392,wire,,n,
2393,round,,n,
2394,distribution,,n,
2395,transportation,,n,
2398,twin,,n,
2399,command,,n,
2400,commission,,n,
2401,interpretation,,n,
2402,breakfast,,n,
2403,stop,,n,
2405,engineering,,n,
2406,luck,,n,
2410,clinic,,n,
2411,veteran,,n,
2413,tablespoon,,n,
2416,tourist,,n,
2422,tomato,,n,
2423,exception,,n,
2424,butter,,n,
2425,deficit,,n,
2426,bathroom,,n,
2427,objective,,n,
2430,ally,,n,
2431,journey,,n,
2432,reputation,,n,
2433,mixture,,n,
2435,tower,,n,
2436,smoke,,n,
2440,dimension,,n,
2441,toy,,n,
2442,prisoner,,n,
2446,peer,,n,
2447,designer,,n,
2448,personnel,,n,
2450,educator,,n,
2451,relative,,n,
2452,immigration,,n,
2453,belt,,n,
2454,teaspoon,,n,
2455,birthday,,n,
2456,implication,,n,
2458,coast,,n,
2459,supporter,,n,
2461,silver,,n,
2462,teenager,,n,
2463,recognition,,n,
2464,retirement,,n,
2465,flag,,n,
2466,recovery,,n,
2468,watch,,n,
2469,gentleman,,n,
2470,corn,,n,
2471,moon,,n,
2475,throat,,n,
2476,salary,,n,
2478,observer,,n,
2481,publication,,n,
2483,crop,,n,
2485,strike,,n,
2488,phenomenon,,n,
2489,anxiety,,n,
2494,convention,,n,
2498,exhibition,,n,
2500,viewer,,n,
2501,pan,,n,
2502,consultant,,n,
2505,administrator,,n,
2508,mayor,,n,
2509,consideration,,n,
2514,estimate,,n,
2515,buck,,n,
2517,poem,,n,
2518,grandmother,,n,
2522,enterprise,,n,
2524,testing,,n,
2525,stomach,,n,
2530,suggestion,,n,
2531,mail,,n,
2532,recipe,,n,
2534,preparation,,n,
2537,concert,,n,
2540,intention,,n,
2541,channel,,n,
2543,tube,,n,
2544,drawing,,n,
2545,protein,,n,
2547,absence,,n,
2548,roll,,n,
2551,jail,,n,
2553,diversity,,n,
2556,pace,,n,
2557,employment,,n,
2558,speaker,,n,
2559,impression,,n,
2560,essay,,n,
2561,respondent,,n,
2563,cake,,n,
2564,historian,,n,
2570,specialist,,n,
2571,origin,,n,
2572,approval,,n,
2573,mine,,n,
2577,drop,,n,
2578,count,,n,
2579,depth,,n,
2580,wealth,,n,
2581,disability,,n,
2582,shell,,n,
2586,professional,,n,
2589,pack,,n,
2590,onion,,n,
2591,deputy,,n,
2593,brand,,n,
2596,award,,n,
2597,criteria,,n,
2598,dealer,,n,
2601,utility,,n,
2606,highway,,n,
2608,routine,,n,
2610,wage,,n,
2612,phrase,,n,
2613,ingredient,,n,
2614,stake,,n,
2617,fibre,fiber,n,
2618,activist,,n,
2621,terrorism,,n,
2622,refugee,,n,
2624,hip,,n,
2627,corporation,,n,
2629,assumption,,n,
2630,gear,,n,
2632,barrier,,n,
2634,provision,,n,
2635,killer,,n,
2637,gang,,n,
2640,chemical,,n,
2642,label,,n,
2643,teen,,n,
2644,index,,n,
2645,vacation,,n,
2646,advocate,,n,
2647,draft,,n,
2649,heaven,,n,
2654,drama,,n,
2655,satellite,,n,
2657,wonder,,n,
2658,clock,,n,
2659,chocolate,,n,
2662,ceiling,,n,
2664,advertising,,n,
2668,button,,n,
2669,bell,,n,
2670,rank,,n,
2671,darkness,,n,
2673,clothing,,n,
2676,fence,,n,
2677,portrait,,n,
2678,paint,,n,
2679,survival,,n,
2681,lawsuit,,n,
2683,testimony,,n,
2684,bunch,,n,
2685,beat,,n,
2688,burden,,n,
2690,chamber,,n,
2691,furniture,,n,
2692,cooperation,,n,
2693,string,,n,
2694,ceremony,,n,
2697,cheek,,n,
2699,profile,,n,
2700,mechanism,,n,
2703,penalty,,n,
2704,match,,n,
2707,resort,,n,
2708,destruction,,n,
2709,bear,,n,
2711,tissue,,n,
2713,pant,,n,
2714,stranger,,n,
2715,infection,,n,
2716,cabinet,,n,
2718,apple,,n,
2724,virus,,n,
2726,dispute,,n,
2727,fortune,,n,
2729,assistant,,n,
2733,statistics,,n,
2734,shopping,,n,
2735,cousin,,n,
2740,white,,n,
2741,port,,n,
2743,electricity,,n,
2745,adviser,,n,
2746,pay,,n,
2747,spokesman,,n,
2750,incentive,,n,
2751,slave,,n,
2756,terror,,n,
2758,expansion,,n,
2759,elite,,n,
2761,dirt,,n,
2763,rice,,n,
2764,bullet,,n,
2767,chart,,n,
2769,decline,,n,
2770,conservative,,n,
2773,stick,,n,
2774,concentration,,n,
2777,champion,,n,
2778,scenario,,n,
2779,telescope,,n,
2780,reflection,,n,
2781,revolution,,n,
2782,strip,,n,
2785,tournament,,n,
2786,fiction,,n,
2791,lifetime,,n,
2792,recommendation,,n,
2794,senator,,n,
2796,hunting,,n,
2797,salad,,n,
2800,boundary,,n,
2803,satisfaction,,n,
2804,journal,,n,
2805,bench,,n,
2806,lover,,n,
2808,awareness,,n,
2811,general,,n,
2812,deck,,n,
2815,pole,,n,
2817,mode,,n,
2818,dialogue,,n,
2822,founder,,n,
2825,pride,,n,
2827,aircraft,,n,
2828,delivery,,n,
2832,platform,,n,
2833,finance,,n,
2840,joy,,n,
2841,worth,,n,
2844,singer,,n,
2846,shooting,,n,
2850,offence,offense,n,
2851,counter,,n,
2852,DNA,,n,
2853,smell,,n,
2855,transfer,,n,
2858,protest,,n,
2859,crash,,n,
2860,craft,,n,
2861,treaty,,n,
2862,terrorist,,n,
2863,insight,,n,
2867,lie,,n,
2869,episode,,n,
2873,fault,,n,
2881,mix,,n,
2882,assault,,n,
2884,stair,,n,
2885,adventure,,n,
2887,proof,,n,
2889,headquarters,,n,
2892,violation,,n,
2893,tongue,,n,
2894,license,,n,
2895,hold,,n,
2896,shelter,,n,
2898,controversy,,n,
2899,entrance,,n,
2900,favourite,favorite,n,
2905,tragedy,,n,
2906,net,,n,
2908,funeral,,n,
2909,profession,,n,
2913,establishment,,n,
2915,imagination,,n,
2917,mask,,n,
2921,presentation,,n,
2926,introduction,,n,
2931,representation,,n,
2932,deer,,n,
2935,partnership,,n,
2936,pollution,,n,
2937,emission,,n,
2941,fate,,n,
2942,earnings,,n,
2943,oven,,n,
2944,distinction,,n,
2945,segment,,n,
2947,poet,,n,
2950,variation,,n,
2951,comfort,,n,
2956,honey,,n,
2957,correspondent,,n,
2959,musician,,n,
2960,significance,,n,
2961,load,,n,
2963,vessel,,n,
2964,storage,,n,
2967,leather,,n,
2969,evolution,,n,
2971,tribe,,n,
2972,shelf,,n,
2973,can,,n,
2974,grandfather,,n,
2975,lawn,,n,
2976,buyer,,n,
2977,dining,,n,
2978,wisdom,,n,
2979,council,,n,
2981,instance,,n,
2982,garlic,,n,
2983,capability,,n,
2984,poetry,,n,
2985,celebrity,,n,
2987,stability,,n,
2989,fantasy,,n,
2992,plot,,n,
2993,framework,,n,
2994,gesture,,n,
2997,psychology,,n,
2999,counsellor,counselor,n,
3001,chapter,,n,
3002,fellow,,n,
3003,divorce,,n,
3005,pipe,,n,
3008,maths,math,n,
3009,shade,,n,
3010,tail,,n,
3013,obligation,,n,
3014,angle,,n,
3015,palm,,n,
3017,custom,,n,
3019,economist,,n,
3021,soup,,n,
3022,celebration,,n,
3025,composition,,n,
3027,pile,,n,
3029,carbon,,n,
3032,scheme,,n,
3033,crack,,n,
3034,frequency,,n,
3035,tobacco,,n,
3036,survivor,,n,
3039,psychologist,,n,
3041,galaxy,,n,
3044,ski,,n,
3045,limitation,,n,
3048,appointment,,n,
3049,preference,,n,
3050,meter,,n,
3051,explosion,,n,
3052,arrest,,n,
3055,fighter,,n,
3057,admission,,n,
3058,hunter,,n,
3061,friendship,,n,
3062,aide,,n,
3063,infant,,n,
3067,porch,,n,
3068,tendency,,n,
3069,uniform,,n,
3070,formation,,n,
3071,scholarship,,n,
3072,reservation,,n,
3073,efficiency,,n,
3076,mall,,n,
3078,scandal,,n,
3082,heel,,n,
3084,privacy,,n,
3085,fabric,,n,
3087,contest,,n,
3088,proportion,,n,
3089,guideline,,n,
3090,rifle,,n,
3091,maintenance,,n,
3092,conviction,,n,
3093,trick,,n,
3095,tent,,n,
3096,examination,,n,
3097,publisher,,n,
3101,myth,,n,
3103,cow,,n,
3105,standing,,n,
3107,tennis,,n,
3108,nerve,,n,
3109,barrel,,n,
3111,membership,,n,
3112,ratio,,n,
3113,menu,,n,
3114,purchase,,n,
3118,lifestyle,,n,
3119,humour,humor,n,
3121,glove,,n,
3122,suspect,,n,
3124,narrative,,n,
3125,photographer,,n,
3126,helicopter,,n,
3129,provider,,n,
3130,delay,,n,
3133,stroke,,n,
3134,scope,,n,
3135,punishment,,n,
3136,handful,,n,
3138,horizon,,n,
3141,girlfriend,,n,
3144,cholesterol,,n,
3146,adjustment,,n,
3147,taxpayer,,n,
3149,principal,,n,
3151,motivation,,n,
3152,assignment,,n,
3153,restriction,,n,
3156,laboratory,,n,
3157,workshop,,n,
3159,auto,,n,
3161,cotton,,n,
3162,motor,,n,
3164,flavour,flavor,n,
3168,sequence,,n,
3169,demonstration,,n,
3170,jet,,n,
3172,consumption,,n,
3174,blade,,n,
3176,medication,,n,
3178,cabin,,n,
3181,edition,,n,
3182,valley,,n,
3184,pitch,,n,
3185,pine,,n,
3188,manufacturing,,n,
3191,complex,,n,
3193,chef,,n,
3194,discrimination,,n,
3198,boom,,n,
3201,heritage,,n,
3206,shit,,n,
3207,lemon,,n,
3213,economics,,n,
3216,nut,,n,
3217,legacy,,n,
3218,extension,,n,
3220,fly,,n,
3221,battery,,n,
3222,arrival,,n,
3224,orientation,,n,
3225,inflation,,n,
3227,flame,,n,
3228,cluster,,n,
3230,wound,,n,
3232,shower,,n,
3235,operating,,n,
3236,flesh,,n,
3237,garage,,n,
3238,operator,,n,
3239,instructor,,n,
3243,comedy,,n,
3244,mortgage,,n,
3245,sanction,,n,
3249,habitat,,n,
3250,grain,,n,
3252,consciousness,,n,
3255,measurement,,n,
3256,province,,n,
3259,ethics,,n,
3260,nomination,,n,
3261,permission,,n,
3263,actress,,n,
3264,summit,,n,
3265,acid,,n,
3266,odds,,n,
3268,frustration,,n,
3269,medium,,n,
3272,grant,,n,
3274,shore,,n,
3276,lung,,n,
3282,discourse,,n,
3283,basket,,n,
3285,fighting,,n,
3287,competitor,,n,
3291,powder,,n,
3292,ghost,,n,
3297,cookie,,n,
3298,carrier,,n,
3299,cooking,,n,
3302,swing,,n,
3303,orange,,n,
3306,pet,,n,
3307,miracle,,n,
3309,rhythm,,n,
3311,killing,,n,
3313,sin,,n,
3314,charity,,n,
3315,script,,n,
3316,tactic,,n,
3317,identification,,n,
3318,transformation,,n,
3320,headline,,n,
3322,venture,,n,
3323,invasion,,n,
3324,military,,n,
3327,piano,,n,
3328,grocery,,n,
3329,intensity,,n,
3332,blanket,,n,
3333,margin,,n,
3335,quarterback,,n,
3336,mouse,,n,
3337,rope,,n,
3339,prescription,,n,
3343,brick,,n,
3345,patch,,n,
3346,consensus,,n,
3347,horror,,n,
3348,recording,,n,
3350,painter,,n,
3352,pie,,n,
3353,sake,,n,
3354,gaze,,n,
3355,courage,,n,
3356,pregnancy,,n,
3359,clue,,n,
3361,win,,n,
3362,confusion,,n,
3363,slice,,n,
3364,occupation,,n,
3366,coal,,n,
3368,criminal,,n,
3369,formula,,n,
3373,uncle,,n,
3374,square,,n,
3375,captain,,n,
3382,gallery,,n,
3383,soccer,,n,
3384,defendant,,n,
3385,tunnel,,n,
3386,fitness,,n,
3387,lap,,n,
3388,grave,,n,
3389,toe,,n,
3390,container,,n,
3391,virtue,,n,
3393,architect,,n,
3396,inquiry,,n,
3397,rose,,n,
3401,indication,,n,
3402,rail,,n,
3403,anniversary,,n,
3404,couch,,n,
3405,alliance,,n,
3406,hypothesis,,n,
3407,boyfriend,,n,
3410,mess,,n,
3412,legend,,n,
3414,adolescent,,n,
3416,norm,,n,
3418,remark,,n,
3420,reward,,n,
3423,organ,,n,
3427,laughter,,n,
3430,counselling,counseling,n,
3432,receiver,,n,
3433,ritual,,n,
3434,insect,,n,
3436,salmon,,n,
3437,favour,favor,n,
3438,trading,,n,
3442,combat,,n,
3443,stem,,n,
3444,surgeon,,n,
3446,physics,,n,
3447,rape,,n,
3448,counsel,,n,
3449,brush,,n,
3450,jeans,,n,
3453,log,,n,
3455,pill,,n,
3457,sculpture,,n,
3458,compound,,n,
3460,flour,,n,
3463,slope,,n,
3465,presidency,,n,
3466,serving,,n,
3469,bishop,,n,
3470,drinking,,n,
3472,cry,,n,
3473,acceptance,,n,
3474,collapse,,n,
3476,pump,,n,
3477,candy,,n,
3478,evil,,n,
3479,final,,n,
3482,medal,,n,
3488,export,,n,
3491,midnight,,n,
3493,curve,,n,
3494,integrity,,n,
3497,logic,,n,
3498,essence,,n,
3502,closet,,n,
3506,interior,,n,
3507,corridor,,n,
3510,pitcher,,n,
3512,snake,,n,
3515,cross,,n,
3516,weakness,,n,
3517,pig,,n,
3518,cold,,n,
3521,tshirt,t-shirt,n,
3523,unemployment,,n,
3524,civilization,,n,
3527,pop,,n,
3531,correlation,,n,
3532,humanity,,n,
3534,developer,,n,
3536,excitement,,n,
3537,beef,,n,
3540,stretch,,n,
3541,architecture,,n,
3544,elbow,,n,
3548,allegation,,n,
3551,airplane,,n,
3553,duck,,n,
3554,dose,,n,
3558,lecture,,n,
3559,van,,n,
3561,bay,,n,
3563,suburb,,n,
3564,sandwich,,n,
3566,trunk,,n,
3567,rumour,rumor,n,
3568,implementation,,n,
3575,cloth,,n,
3578,effectiveness,,n,
3580,lens,,n,
3581,reach,,n,
3582,inspector,,n,
3585,fraud,,n,
3586,companion,,n,
3588,nail,,n,
3589,array,,n,
3593,rat,,n,
3595,hallway,,n,
3596,cave,,n,
3599,monster,,n,
3603,obstacle,,n,
3605,encounter,,n,
3607,herb,,n,
3609,integration,,n,
3610,crystal,,n,
3611,recession,,n,
3612,wish,,n,
3615,motive,,n,
3617,flood,,n,
3618,pen,,n,
3619,ownership,,n,
3620,nightmare,,n,
3621,notice,,n,
3622,inspection,,n,
3623,supervisor,,n,
3625,arena,,n,
3626,laugh,,n,
3627,diagnosis,,n,
3628,possession,,n,
3632,basement,,n,
3637,prosecution,,n,
3639,announcement,,n,
3640,warrior,,n,
3641,prediction,,n,
3642,bacteria,,n,
3643,questionnaire,,n,
3644,mud,,n,
3645,infrastructure,,n,
3647,privilege,,n,
3648,temple,,n,
3653,broadcast,,n,
3658,wrist,,n,
3659,curtain,,n,
3660,monitor,,n,
3661,pond,,n,
3662,domain,,n,
3663,guilt,,n,
3664,cattle,,n,
3666,walking,,n,
3670,skirt,,n,
3673,database,,n,
3675,aim,,n,
3677,limb,,n,
3678,ideology,,n,
3683,harm,,n,
3684,railway,railroad,n,
3686,radiation,,n,
3687,horn,,n,
3690,innovation,,n,
3691,strain,,n,
3692,guitar,,n,
3693,replacement,,n,
3697,dancer,,n,
3698,amendment,,n,
3700,pad,,n,
3701,transmission,,n,
3707,grace,,n,
3710,colony,,n,
3711,adoption,,n,
3712,slide,,n,
3716,civilian,,n,
3717,towel,,n,
3719,particle,,n,
3721,glance,,n,
3722,prize,,n,
3723,landing,,n,
3724,conduct,,n,
3725,blue,,n,
3727,bat,,n,
3728,alarm,,n,
3729,festival,,n,
3730,grip,,n,
3734,sweat,,n,
3740,separation,,n,
3747,ballot,,n,
3748,rhetoric,,n,
3751,vitamin,,n,
3752,enthusiasm,,n,
3756,wilderness,,n,
3759,mandate,,n,
3760,pause,,n,
3761,excuse,,n,
3763,uncertainty,,n,
3764,chaos,,n,
3767,canvas,,n,
3770,lobby,,n,
3772,format,,n,
3773,trait,,n,
3774,currency,,n,
3775,turkey,,n,
3776,reserve,,n,
3777,beam,,n,
3779,astronomer,,n,
3780,corruption,,n,
3781,contractor,,n,
3783,doctrine,,n,
3785,thumb,,n,
3786,unity,,n,
3787,compromise,,n,
3794,rush,,n,
3796,complexity,,n,
3797,fork,,n,
3798,disk,,n,
3800,suspicion,,n,
3801,lock,,n,
3802,finish,,n,
3803,residence,,n,
3804,shame,,n,
3806,pavement,sidewalk,n,
3807,Olympics,,n,
3809,signature,,n,
3813,rebel,,n,
3816,spouse,,n,
3817,fluid,,n,
3818,pension,,n,
3821,sodium,,n,
3822,blow,,n,
3823,promotion,,n,
3825,forehead,,n,
3829,hook,,n,
3830,detective,,n,
3831,traveller,traveler,n,
3833,compensation,,n,
3835,exit,,n,
3836,attraction,,n,
3841,needle,,n,
3842,belly,,n,
3845,portfolio,,n,
3846,shuttle,,n,
3848,timing,,n,
3849,engagement,,n,
3850,ankle,,n,
3851,transaction,,n,
3853,counterpart,,n,
3857,rider,,n,
3858,doll,,n,
3859,noon,,n,
3860,exhibit,,n,
3869,carbohydrate,,n,
3870,liberty,,n,
3871,poster,,n,
3872,theology,,n,
3875,oxygen,,n,
3877,magic,,n,
3878,sum,,n,
3880,businessman,,n,
3883,determination,,n,
3884,donor,,n,
3886,pastor,,n,
3887,jazz,,n,
3888,opera,,n,
3890,bite,,n,
3893,acquisition,,n,
3894,pit,,n,
3896,wildlife,,n,
3898,giant,,n,
3899,primary,,n,
3900,equity,,n,
3902,doorway,,n,
3903,departure,,n,
3904,elevator,,n,
3906,guidance,,n,
3907,happiness,,n,
3908,statue,,n,
3909,pursuit,,n,
3910,repair,,n,
3912,gym,,n,
3914,clerk,,n,
3915,Israeli,,n,
3916,envelope,,n,
3917,reporting,,n,
3918,destination,,n,
3919,fist,,n,
3921,exploration,,n,
3923,bath,,n,
3924,rescue,,n,
3927,indicator,,n,
3928,sunlight,,n,
3929,feedback,,n,
3930,spectrum,,n,
3932,laser,,n,
3935,starting,,n,
3936,expertise,,n,
3940,tune,,n,
3941,eating,,n,
3944,hint,,n,
3946,parade,,n,
3948,realm,,n,
3949,ban,,n,
3953,therapist,,n,
3956,pizza,,n,
3957,recipient,,n,
3960,accounting,,n,
3962,bias,,n,
3964,metaphor,,n,
3965,candle,,n,
3966,handle,,n,
3967,worry,,n,
3969,entity,,n,
3970,suffering,,n,
3972,feel,,n,
3973,lamp,,n,
3974,garbage,,n,
3975,servant,,n,
3976,addition,,n,
3980,inside,,n,
3981,reception,,n,
3984,chin,,n,
3986,necessity,,n,
3988,racism,,n,
3989,starter,,n,
3991,banking,,n,
3993,gravity,,n,
3996,prevention,,n,
4001,performer,,n,
4002,intent,,n,
4005,inventory,,n,
4007,assembly,,n,
4009,silk,,n,
4010,magnitude,,n,
4012,hostage,,n,
4013,collector,,n,
4014,popularity,,n,
4015,kiss,,n,
4016,alien,,n,
4019,equation,,n,
4020,angel,,n,
4021,switch,,n,
4022,offering,,n,
4023,rage,,n,
4024,photography,,n,
4026,toilet,,n,
4037,wake,,n,
4038,gathering,,n,
4042,automobile,,n,
4044,dawn,,n,
4049,tide,,n,
4055,romance,,n,
4056,hardware,,n,
4057,pillow,,n,
4058,kit,,n,
4059,cook,,n,
4060,spread,,n,
4061,continent,,n,
4063,circuit,,n,
4064,sink,,n,
4065,ruling,,n,
4066,shortage,,n,
4069,trap,,n,
4071,fool,,n,
4072,deadline,,n,
4074,processing,,n,
4075,ranch,,n,
4085,diamond,,n,
4086,credibility,,n,
4087,import,,n,
4092,sentiment,,n,
4093,cart,,n,
4096,elder,,n,
4097,pro,,n,
4098,inspiration,,n,
4100,quantity,,n,
4101,trailer,,n,
4102,mate,,n,
4105,genius,,n,
4106,monument,,n,
4107,bid,,n,
4108,quest,,n,
4109,sacrifice,,n,
4110,invitation,,n,
4111,accuracy,,n,
4112,juror,,n,
4114,broker,,n,
4115,treasure,,n,
4116,loyalty,,n,
4120,gasoline,,n,
4122,output,,n,
4123,nominee,,n,
4126,diabetes,,n,
4130,jaw,,n,
4131,grief,,n,
4133,rocket,,n,
4135,inmate,,n,
4137,dynamics,,n,
4138,bow,,n,
4140,senior,,n,
4141,dignity,,n,
4142,carpet,,n,
4144,bubble,,n,
4146,buddy,,n,
4147,barn,,n,
4148,sword,,n,
4149,flash,,n,
4151,glory,,n,
4155,drum,,n,
4158,queen,,n,
4159,dilemma,,n,
4160,input,,n,
4164,liability,,n,
4166,merchant,,n,
4167,stadium,,n,
4170,defeat,,n,
4172,withdrawal,,n,
4173,refrigerator,,n,
4174,nest,,n,
4177,lane,,n,
4178,ancestor,,n,
4180,steam,,n,
4181,accent,,n,
4182,escape,,n,
4185,cage,,n,
4187,shrimp,,n,
4188,homeland,,n,
4190,rack,,n,
4191,costume,,n,
4192,wolf,,n,
4193,courtroom,,n,
4194,statute,,n,
4195,cartoon,,n,
4197,productivity,,n,
4200,seal,,n,
4201,bug,,n,
4203,aunt,,n,
4204,agriculture,,n,
4211,bankruptcy,,n,
4212,vaccine,,n,
4213,bonus,,n,
4214,collaboration,,n,
4217,orbit,,n,
4219,patience,,n,
4222,voting,,n,
4223,patrol,,n,
4224,willingness,,n,
4226,revelation,,n,
4227,rent,,n,
4229,jewellery,jewelry,n,
4233,trace,,n,
4234,wagon,,n,
4241,reliability,,n,
4242,ass,,n,
4244,bush,,n,
4248,clip,,n,
4249,thigh,,n,
4250,bull,,n,
4251,drawer,,n,
4253,sheep,,n,
4255,coordinator,,n,
4257,runner,,n,
4260,empire,,n,
4261,cab,,n,
4263,exam,,n,
4264,documentary,,n,
4266,biology,,n,
4269,web,,n,
4270,conspiracy,,n,
4271,catch,,n,
4272,casualty,,n,
4273,republic,,n,
4274,execution,,n,
4276,whale,,n,
4280,instinct,,n,
4282,aluminium,aluminum,n,
4284,ministry,,n,
4285,verdict,,n,
4287,skull,,n,
4288,self-esteem,,n,
4289,ease,,n,
4292,bee,,n,
4293,practitioner,,n,
4294,loop,,n,
4297,puzzle,,n,
4298,mushroom,,n,
4299,subsidy,,n,
4302,mathematics,,n,
4303,mechanic,,n,
4304,jar,,n,
4306,earthquake,,n,
4307,pork,,n,
4308,creativity,,n,
4311,dessert,,n,
4312,sympathy,,n,
4313,fisherman,,n,
4315,isolation,,n,
4316,sock,,n,
4318,jump,,n,
4321,entrepreneur,,n,
4322,syndrome,,n,
4323,bureau,,n,
4324,hay,,n,
4325,workplace,,n,
4326,ambition,,n,
4327,touchdown,,n,
4329,breeze,,n,
4332,Christianity,,n,
4335,translation,,n,
4340,gut,,n,
4346,booth,,n,
4347,helmet,,n,
4348,waist,,n,
4350,lion,,n,
4351,accomplishment,,n,
4353,panic,,n,
4354,cast,,n,
4357,cliff,,n,
4359,cord,,n,
4361,cocaine,,n,
4362,illusion,,n,
4365,appreciation,,n,
4366,commissioner,,n,
4368,flexibility,,n,
4371,casino,,n,
4376,pulse,,n,
4377,equivalent,,n,
4380,donation,,n,
4381,diary,,n,
4382,sibling,,n,
4383,irony,,n,
4384,spoon,,n,
4385,midst,,n,
4386,alley,,n,
4389,soap,,n,
4391,rival,,n,
4394,pin,,n,
4395,hockey,,n,
4398,supplier,,n,
4400,momentum,,n,
4401,purse,,n,
4403,liquid,,n,
4404,icon,,n,
4405,elephant,,n,
4407,legislature,,n,
4408,associate,,n,
4409,franchise,,n,
4413,bicycle,,n,
4418,fever,,n,
4419,filter,,n,
4420,rabbit,,n,
4421,coin,,n,
4424,organism,,n,
4425,sensation,,n,
4427,stay,,n,
4430,minimum,,n,
4432,conservation,,n,
4434,backyard,,n,
4435,charter,,n,
4436,stove,,n,
4437,consent,,n,
4439,reminder,,n,
4441,placement,,n,
4442,dough,,n,
4443,grandchild,,n,
4444,dam,,n,
4449,outfit,,n,
4451,columnist,,n,
4452,workout,,n,
4454,patent,,n,
4456,quote,,n,
4457,trash,,n,
4461,hormone,,n,
4462,texture,,n,
4464,pencil,,n,
4466,frontier,,n,
4467,spray,,n,
4468,bet,,n,
4470,custody,,n,
4471,banker,,n,
4472,beast,,n,
4474,oak,,n,
4477,notebook,,n,
4480,attendance,,n,
4481,speculation,,n,
4485,shark,,n,
4487,mill,,n,
4488,installation,,n,
4490,tag,,n,
4492,swimming,,n,
4493,fleet,,n,
4494,catalogue,catalog,n,
4495,outsider,,n,
4498,stance,,n,
4500,sensitivity,,n,
4503,debut,,n,
4508,confrontation,,n,
4510,ideal,,n,
4511,constitution,,n,
4512,trainer,,n,
4514,scent,,n,
4515,stack,,n,
4516,eyebrow,,n,
4517,sack,,n,
4520,tray,,n,
4521,pioneer,,n,
4523,textbook,,n,
4529,dot,,n,
4530,wheat,,n,
4534,kingdom,,n,
4535,aisle,,n,
4537,protocol,,n,
4540,marketplace,,n,
4543,terrain,,n,
4546,pasta,,n,
4547,genre,,n,
4549,merit,,n,
4550,planner,,n,
4552,chunk,,n,
4554,discount,,n,
4556,ladder,,n,
4557,jungle,,n,
4558,migration,,n,
4559,breathing,,n,
4561,hurricane,,n,
4562,retailer,,n,
4565,coup,,n,
4567,ambassador,,n,
4568,density,,n,
4570,curiosity,,n,
4572,aggression,,n,
4573,stimulus,,n,
4574,journalism,,n,
4575,robot,,n,
4581,feather,,n,
4582,sphere,,n,
4588,publicity,,n,
4589,major,,n,
4593,validity,,n,
4594,ecosystem,,n,
4597,collar,,n,
4598,weed,,n,
4599,compliance,,n,
4600,streak,,n,
4603,builder,,n,
4604,glimpse,,n,
4605,premise,,n,
4606,speciality,specialty,n,
4608,artefact,artifact,n,
4610,monkey,,n,
4611,mentor,,n,
4613,listener,,n,
4614,lightning,,n,
4616,sleeve,,n,
4617,disappointment,,n,
4619,rib,,n,
4622,debris,,n,
4624,rod,,n,
4626,liberal,,n,
4627,ash,,n,
4629,parish,,n,
4630,slavery,,n,
4632,commodity,,n,
4633,cure,,n,
4634,mineral,,n,
4635,hunger,,n,
4642,equality,,n,
4643,cemetery,,n,
4644,harassment,,n,
4646,fame,,n,
4649,likelihood,,n,
4650,carrot,,n,
4652,toll,,n,
4653,rim,,n,
4660,wheelchair,,n,
4661,squad,,n,
4663,processor,,n,
4666,sponsor,,n,
4667,grin,,n,
4671,chill,,n,
4672,refuge,,n,
4674,legislator,,n,
4675,rally,,n,
4676,programming,,n,
4678,outlet,,n,
4680,vendor,,n,
4682,peanut,,n,
4685,intellectual,,n,
4686,conception,,n,
4687,auction,,n,
4688,steak,,n,
4690,triumph,,n,
4691,shareholder,,n,
4694,conscience,,n,
4695,calculation,,n,
4697,interval,,n,
4700,jurisdiction,,n,
4703,constraint,,n,
4705,expedition,,n,
4709,similarity,,n,
4710,butt,,n,
4711,lid,,n,
4713,bulk,,n,
4715,mortality,,n,
4717,conversion,,n,
4718,patron,,n,
4721,liver,,n,
4722,harmony,,n,
4724,tolerance,,n,
4725,instant,,n,
4726,goat,,n,
4728,blessing,,n,
4729,banana,,n,
4730,running,,n,
4731,palace,,n,
4733,peasant,,n,
4735,grandparent,,n,
4736,lawmaker,,n,
4737,supermarket,,n,
4738,cruise,,n,
4740,plain,,n,
4742,calendar,,n,
4743,widow,,n,
4744,deposit,,n,
4745,beard,,n,
4746,brake,,n,
4748,screening,,n,
4749,impulse,,n,
4751,fur,,n,
4753,predator,,n,
4759,forum,,n,
4760,dancing,,n,
4763,removal,,n,
4764,autonomy,,n,
4767,thread,,n,
4769,landmark,,n,
4771,offender,,n,
4774,fraction,,n,
4776,tourism,,n,
4777,threshold,,n,
4780,suite,,n,
4782,regulator,,n,
4783,straw,,n,
4787,globe,,n,
4789,objection,,n,
4790,chemistry,,n,
4794,blast,,n,
4797,denial,,n,
4798,rental,,n,
4800,fragment,,n,
4803,warmth,,n,
4804,undergraduate,,n,
4806,headache,,n,
4807,policeman,,n,
4808,yield,,n,
4809,projection,,n,
4812,mention,,n,
4813,graduation,,n,
4816,mansion,,n,
4817,regard,,n,
4818,grape,,n,
4820,cottage,,n,
4821,driveway,,n,
4822,charm,,n,
4825,clay,,n,
4827,balloon,,n,
4828,invention,,n,
4829,ego,,n,
4830,fare,,n,
4831,homework,,n,
4832,disc,,n,
4833,sofa,,n,
4834,guarantee,,n,
4835,availability,,n,
4836,radar,,n,
4839,leave,,n,
4840,permit,,n,
4841,sweater,,n,
4842,rehabilitation,,n,
4844,retreat,,n,
4845,molecule,,n,
4852,youngster,,n,
4854,premium,,n,
4855,accountability,,n,
4862,fatigue,,n,
4865,marker,,n,
4868,bucket,,n,
4871,confession,,n,
4873,marble,,n,
4875,twist,,n,
4876,defender,,n,
4879,transport,,n,
4881,surveillance,,n,
4883,technician,,n,
4887,arrow,,n,
4888,trauma,,n,
4891,ribbon,,n,
4892,meantime,,n,
4895,harvest,,n,
4901,spy,,n,
4902,slot,,n,
4903,riot,,n,
4904,nutrient,,n,
4905,citizenship,,n,
4907,sovereignty,,n,
4908,ridge,,n,
4910,lighting,,n,
4912,contributor,,n,
4917,transit,,n,
4919,seminar,,n,
4920,electronics,,n,
4922,shorts,,n,
4924,accusation,,n,
4929,cue,,n,
4931,bride,,n,
4932,biography,,n,
4933,hazard,,n,
4936,tile,,n,
4943,foreigner,,n,
4944,launch,,n,
4945,convenience,,n,
4946,delight,,n,
4948,timber,,n,
4951,plea,,n,
4952,bulb,,n,
4956,devil,,n,
4957,bolt,,n,
4958,cargo,,n,
4959,spine,,n,
4960,seller,,n,
4965,dock,,n,
4967,fog,,n,
4968,diplomat,,n,
4971,summary,,n,
4972,missionary,,n,
4973,epidemic,,n,
4976,warehouse,,n,
4978,butterfly,,n,
4979,bronze,,n,
4982,praise,,n,
4987,vacuum,,n,
4990,stereotype,,n,
4991,sensor,,n,
4992,laundry,,n,
4993,manual,,n,
4994,pistol,,n,
4996,plaintiff,,n,
4999,apology,,n,
,,,,
,,,,
,,,,
,,,,
,,,,
75,other,,j,
88,new,,j,
110,good,,j,
141,high,,j,
152,old,,j,
160,great,,j,
162,big,,j,
203,small,,j,
221,large,,j,
232,national,,j,
235,young,,j,
238,different,,j,
254,black,,j,
255,long,,j,
257,little,,j,
267,important,,j,
278,political,,j,
283,bad,,j,
302,white,,j,
306,real,,j,
310,best,,j,
318,right,,j,
320,social,,j,
329,only,,j,
334,public,,j,
348,sure,,j,
361,low,,j,
366,early,,j,
386,able,,j,
400,human,,j,
424,local,,j,
438,late,,j,
439,hard,,j,
445,major,,j,
453,better,,j,
454,economic,,j,
459,strong,,j,
460,possible,,j,
468,whole,,j,
474,free,,j,
475,military,,j,
494,federal,,j,
501,international,,j,
504,full,,j,
521,special,,j,
550,easy,,j,
564,clear,,j,
568,recent,,j,
578,certain,,j,
581,personal,,j,
582,open,,j,
598,red,,j,
609,difficult,,j,
623,available,,j,
625,likely,,j,
628,short,,j,
633,single,,j,
647,medical,,j,
653,current,,j,
656,wrong,,j,
672,private,,j,
681,past,,j,
690,foreign,,j,
705,fine,,j,
713,common,,j,
714,poor,,j,
716,natural,,j,
720,significant,,j,
721,similar,,j,
722,hot,,j,
727,dead,,j,
743,central,,j,
748,happy,,j,
756,serious,,j,
759,ready,,j,
764,simple,,j,
772,left,,j,
804,physical,,j,
806,general,,j,
822,environmental,,j,
830,financial,,j,
845,blue,,j,
856,democratic,,j,
860,dark,,j,
862,various,,j,
871,entire,,j,
882,close,,j,
886,legal,,j,
887,religious,,j,
888,cold,,j,
890,final,,j,
891,main,,j,
893,green,,j,
900,nice,,j,
914,huge,,j,
927,popular,,j,
928,traditional,,j,
934,cultural,,j,
944,wide,,j,
951,particular,,j,
961,top,,j,
977,far,,j,
978,deep,,j,
981,individual,,j,
982,specific,,j,
985,necessary,,j,
991,middle,,j,
995,beautiful,,j,
1008,heavy,,j,
1015,tough,,j,
1030,commercial,,j,
1042,total,,j,
1050,modern,,j,
1053,positive,,j,
1054,civil,,j,
1062,safe,,j,
1076,interesting,,j,
1079,rich,,j,
1083,western,,j,
1094,senior,,j,
1097,key,,j,
1098,professional,,j,
1105,successful,,j,
1108,southern,,j,
1109,fresh,,j,
1114,global,,j,
1129,critical,,j,
1131,concerned,,j,
1136,effective,,j,
1138,original,,j,
1147,basic,,j,
1162,powerful,,j,
1163,perfect,,j,
1178,involved,,j,
1180,nuclear,,j,
1209,sorry,,j,
1221,normal,,j,
1240,front,,j,
1248,supposed,,j,
1264,future,,j,
1266,potential,,j,
1271,independent,,j,
1281,willing,,j,
1283,previous,,j,
1287,interested,,j,
1299,wild,,j,
1306,average,,j,
1309,quick,,j,
1310,light,,j,
1315,bright,,j,
1320,tiny,,j,
1326,additional,,j,
1337,present,,j,
1363,warm,,j,
1368,annual,,j,
1372,responsible,,j,
1377,regular,,j,
1381,soft,,j,
1403,female,,j,
1407,afraid,,j,
1410,native,,j,
1411,broad,,j,
1412,wonderful,,j,
1420,growing,,j,
1441,Indian,,j,
1442,quiet,,j,
1445,aware,,j,
1447,complete,,j,
1451,active,,j,
1453,chief,,j,
1458,cool,,j,
1465,dangerous,,j,
1467,moral,,j,
1468,united,,j,
1473,academic,,j,
1476,healthy,,j,
1478,negative,,j,
1479,following,,j,
1480,historical,,j,
1487,direct,,j,
1492,daily,,j,
1493,fair,,j,
1495,famous,,j,
1501,familiar,,j,
1502,appropriate,,j,
1512,eastern,,j,
1513,primary,,j,
1523,clean,,j,
1533,tall,,j,
1539,male,,j,
1541,alive,,j,
1552,extra,,j,
1556,domestic,,j,
1564,northern,,j,
1570,dry,,j,
1576,sweet,,j,
1588,corporate,,j,
1589,strange,,j,
1592,urban,,j,
1593,mental,,j,
1596,educational,,j,
1602,favourite,favorite,j,
1606,greatest,,j,
1607,complex,,j,
1614,scientific,,j,
1615,impossible,,j,
1619,married,,j,
1620,alone,,j,
1624,presidential,,j,
1625,emotional,,j,
1627,supreme,,j,
1630,thin,,j,
1653,empty,,j,
1654,regional,,j,
1674,expensive,,j,
1675,yellow,,j,
1677,prime,,j,
1684,like,,j,
1700,obvious,,j,
1713,comfortable,,j,
1717,angry,,j,
1734,thick,,j,
1739,unique,,j,
1741,internal,,j,
1752,actual,,j,
1759,sick,,j,
1774,long-term,,j,
1775,slow,,j,
1782,brown,,j,
1783,standard,,j,
1803,funny,,j,
1808,correct,,j,
1817,crazy,,j,
1823,just,,j,
1832,ancient,,j,
1835,golden,,j,
1842,used,,j,
1844,equal,,j,
1846,official,,j,
1849,typical,,j,
1851,conservative,,j,
1869,smart,,j,
1886,rare,,j,
1905,separate,,j,
1909,mean,,j,
1927,industrial,,j,
1934,surprised,,j,
1939,busy,,j,
1944,cheap,,j,
1949,grey,gray,j,
1955,overall,,j,
1957,initial,,j,
1958,terrible,,j,
1960,contemporary,,j,
1962,multiple,,j,
1963,essential,,j,
1966,criminal,,j,
1967,careful,,j,
1969,upper,,j,
1973,tired,,j,
1979,vast,,j,
1995,limited,,j,
1996,proud,,j,
1999,increased,,j,
2007,enormous,,j,
2009,liberal,,j,
2010,massive,,j,
2020,rural,,j,
2023,narrow,,j,
2027,solid,,j,
2043,useful,,j,
2045,secret,,j,
2054,unusual,,j,
2066,sharp,,j,
2067,creative,,j,
2072,outside,,j,
2075,proper,,j,
2076,live,,j,
2077,guilty,,j,
2078,living,,j,
2081,technical,,j,
2086,weak,,j,
2087,illegal,,j,
2100,fun,,j,
2114,spiritual,,j,
2115,musical,,j,
2137,dramatic,,j,
2140,excellent,,j,
2145,lucky,,j,
2155,unable,,j,
2164,sad,,j,
2165,brief,,j,
2169,existing,,j,
2174,remaining,,j,
2175,visual,,j,
2178,violent,,j,
2179,silent,,j,
2191,later,,j,
2199,immediate,,j,
2203,mass,,j,
2208,leading,,j,
2222,double,,j,
2231,formal,,j,
2238,joint,,j,
2241,opposite,,j,
2245,consistent,,j,
2256,grand,,j,
2263,racial,,j,
2277,online,,j,
2288,glad,,j,
2289,ordinary,,j,
2295,numerous,,j,
2301,practical,,j,
2314,amazing,,j,
2315,intense,,j,
2323,visible,,j,
2328,competitive,,j,
2330,congressional,,j,
2349,fundamental,,j,
2350,severe,,j,
2357,fat,,j,
2362,still,,j,
2377,digital,,j,
2381,usual,,j,
2383,psychological,,j,
2387,increasing,,j,
2396,holy,,j,
2407,so-called,,j,
2408,constant,,j,
2414,capable,,j,
2415,nervous,,j,
2419,crucial,,j,
2429,electronic,,j,
2438,pure,,j,
2443,fellow,,j,
2444,smooth,,j,
2445,nearby,,j,
2472,inner,,j,
2473,junior,,j,
2479,due,,j,
2480,straight,,j,
2482,pretty,,j,
2486,permanent,,j,
2491,wet,,j,
2512,pink,,j,
2516,historic,,j,
2526,apparent,,j,
2529,sensitive,,j,
2533,reasonable,,j,
2535,wooden,,j,
2536,elementary,,j,
2538,aggressive,,j,
2542,extreme,,j,
2554,honest,,j,
2562,giant,,j,
2567,substantial,,j,
2576,conventional,,j,
2585,fast,,j,
2588,biological,,j,
2592,flat,,j,
2595,mad,,j,
2600,alternative,,j,
2604,armed,,j,
2607,clinical,,j,
2625,ultimate,,j,
2628,valuable,,j,
2633,minor,,j,
2638,developing,,j,
2639,classic,,j,
2648,extraordinary,,j,
2650,rough,,j,
2652,pregnant,,j,
2653,distant,,j,
2660,Italian,,j,
2665,universal,,j,
2674,super,,j,
2682,bottom,,j,
2698,lost,,j,
2710,unlikely,,j,
2712,constitutional,,j,
2717,broken,,j,
2719,electric,,j,
2723,literary,,j,
2725,stupid,,j,
2728,strategic,,j,
2731,remarkable,,j,
2739,blind,,j,
2744,genetic,,j,
2752,chemical,,j,
2754,accurate,,j,
2762,odd,,j,
2765,tight,,j,
2768,solar,,j,
2772,square,,j,
2775,complicated,,j,
2784,friendly,,j,
2790,tremendous,,j,
2799,innocent,,j,
2802,remote,,j,
2807,raw,,j,
2809,surprising,,j,
2821,mutual,,j,
2824,advanced,,j,
2835,attractive,,j,
2837,diverse,,j,
2838,relevant,,j,
2839,ideal,,j,
2843,working,,j,
2848,unknown,,j,
2849,assistant,,j,
2868,extensive,,j,
2874,loose,,j,
2878,considerable,,j,
2880,intellectual,,j,
2886,external,,j,
2888,confident,,j,
2890,sudden,,j,
2891,dirty,,j,
2904,defensive,,j,
2919,comprehensive,,j,
2920,prominent,,j,
2925,stable,,j,
2930,elderly,,j,
2938,steady,,j,
2939,vital,,j,
2948,mere,,j,
2949,exciting,,j,
2952,radical,,j,
2955,Irish,,j,
2958,pale,,j,
2962,round,,j,
2970,ill,,j,
2980,vulnerable,,j,
2990,scared,,j,
2996,ongoing,,j,
3006,athletic,,j,
3007,slight,,j,
3023,efficient,,j,
3030,closer,,j,
3040,wealthy,,j,
3042,given,,j,
3054,incredible,,j,
3056,rapid,,j,
3060,painful,,j,
3080,helpful,,j,
3094,organic,,j,
3100,proposed,,j,
3102,sophisticated,,j,
3106,asleep,,j,
3115,controversial,,j,
3116,desperate,,j,
3120,loud,,j,
3123,sufficient,,j,
3128,modest,,j,
3131,agricultural,,j,
3139,curious,,j,
3148,eager,,j,
3150,detailed,,j,
3160,romantic,,j,
3171,orange,,j,
3175,temporary,,j,
3180,relative,,j,
3186,brilliant,,j,
3192,absolute,,j,
3195,offensive,,j,
3204,dominant,,j,
3208,hungry,,j,
3214,naked,,j,
3223,legitimate,,j,
3231,dependent,,j,
3233,institutional,,j,
3246,civilian,,j,
3248,weekly,,j,
3262,wise,,j,
3267,gifted,,j,
3277,firm,,j,
3278,running,,j,
3280,distinct,,j,
3281,artistic,,j,
3286,impressive,,j,
3288,ugly,,j,
3289,worried,,j,
3294,moderate,,j,
3295,subsequent,,j,
3296,continued,,j,
3300,frequent,,j,
3304,awful,,j,
3310,widespread,,j,
3312,lovely,,j,
3319,everyday,,j,
3326,adequate,,j,
3334,principal,,j,
3338,concrete,,j,
3349,changing,,j,
3351,colonial,,j,
3365,dear,,j,
3367,sacred,,j,
3370,cognitive,,j,
3371,collective,,j,
3372,exact,,j,
3379,okay,,j,
3380,homeless,,j,
3421,gentle,,j,
3422,related,,j,
3428,fit,,j,
3440,magic,,j,
3441,superior,,j,
3445,acceptable,,j,
3452,continuous,,j,
3456,excited,,j,
3461,bitter,,j,
3462,bare,,j,
3467,subtle,,j,
3481,pleased,,j,
3485,ethical,,j,
3486,secondary,,j,
3489,experimental,,j,
3492,net,,j,
3496,evident,,j,
3501,harsh,,j,
3503,suburban,,j,
3509,retail,,j,
3519,classical,,j,
3520,estimated,,j,
3526,patient,,j,
3530,missing,,j,
3535,reliable,,j,
3542,occasional,,j,
3543,administrative,,j,
3545,deadly,,j,
3552,monthly,,j,
3562,mainstream,,j,
3565,unlike,,j,
3577,legislative,,j,
3584,plain,,j,
3590,strict,,j,
3597,inevitable,,j,
3602,unexpected,,j,
3608,overwhelming,,j,
3614,written,,j,
3638,maximum,,j,
3649,medium,,j,
3650,outdoor,,j,
3656,random,,j,
3668,minimum,,j,
3669,fiscal,,j,
3674,uncomfortable,,j,
3680,welcome,,j,
3682,continuing,,j,
3688,chronic,,j,
3689,peaceful,,j,
3703,retired,,j,
3706,grateful,,j,
3708,virtual,,j,
3713,indigenous,,j,
3714,closed,,j,
3731,weird,,j,
3735,outer,,j,
3737,drunk,,j,
3745,intelligent,,j,
3749,convinced,,j,
3750,driving,,j,
3758,endless,,j,
3766,mechanical,,j,
3771,profound,,j,
3784,genuine,,j,
3788,horrible,,j,
3790,exclusive,,j,
3805,meaningful,,j,
3808,technological,,j,
3810,pleasant,,j,
3814,frozen,,j,
3820,theoretical,,j,
3824,delicate,,j,
3828,electrical,,j,
3847,invisible,,j,
3856,mild,,j,
3862,identical,,j,
3863,precise,,j,
3864,anxious,,j,
3865,structural,,j,
3866,residential,,j,
3873,nonprofit,,j,
3876,handsome,,j,
3881,promising,,j,
3882,conscious,,j,
3892,evil,,j,
3905,teenage,,j,
3911,decent,,j,
3913,oral,,j,
3922,generous,,j,
3931,purple,,j,
3933,bold,,j,
3934,reluctant,,j,
3968,judicial,,j,
3971,full-time,,j,
3977,regulatory,,j,
3978,diplomatic,,j,
3979,elegant,,j,
3990,interior,,j,
3992,casual,,j,
4006,productive,,j,
4008,civic,,j,
4011,steep,,j,
4017,dynamic,,j,
4018,scary,,j,
4027,disappointed,,j,
4028,precious,,j,
4030,representative,,j,
4031,content,,j,
4032,realistic,,j,
4034,hidden,,j,
4036,tender,,j,
4039,outstanding,,j,
4041,lonely,,j,
4043,artificial,,j,
4045,abstract,,j,
4047,silly,,j,
4050,shared,,j,
4054,revolutionary,,j,
4073,rear,,j,
4076,coastal,,j,
4080,burning,,j,
4081,verbal,,j,
4082,tribal,,j,
4083,ridiculous,,j,
4084,automatic,,j,
4091,divine,,j,
4119,talented,,j,
4121,stiff,,j,
4124,extended,,j,
4128,toxic,,j,
4129,alleged,,j,
4132,mysterious,,j,
4143,parental,,j,
4153,protective,,j,
4156,faint,,j,
4163,shallow,,j,
4168,improved,,j,
4169,bloody,,j,
4171,associated,,j,
4175,near,,j,
4183,optimistic,,j,
4199,symbolic,,j,
4206,hostile,,j,
4209,combined,,j,
4215,mixed,,j,
4221,tropical,,j,
4236,spectacular,,j,
4238,sheer,,j,
4239,prior,,j,
4240,immune,,j,
4245,exotic,,j,
4246,fascinating,,j,
4247,secure,,j,
4256,ideological,,j,
4258,secular,,j,
4259,intimate,,j,
4265,neutral,,j,
4267,flexible,,j,
4268,progressive,,j,
4275,terrific,,j,
4277,functional,,j,
4290,cooperative,,j,
4301,tragic,,j,
4310,underlying,,j,
4320,sexy,,j,
4330,costly,,j,
4331,ambitious,,j,
4334,influential,,j,
4336,uncertain,,j,
4339,statistical,,j,
4341,metropolitan,,j,
4342,rolling,,j,
4343,aesthetic,,j,
4349,expected,,j,
4352,royal,,j,
4358,minimal,,j,
4363,anonymous,,j,
4369,instructional,,j,
4378,fixed,,j,
4379,experienced,,j,
4387,upset,,j,
4390,cute,,j,
4392,short-term,,j,
4396,passing,,j,
4399,known,,j,
4414,encouraging,,j,
4423,accessible,,j,
4429,dried,,j,
4431,pro,,j,
4447,surrounding,,j,
4448,ecological,,j,
4450,unprecedented,,j,
4453,preliminary,,j,
4455,shy,,j,
4458,disabled,,j,
4459,gross,,j,
4460,damn,,j,
4465,associate,,j,
4484,innovative,,j,
4491,vertical,,j,
4502,instant,,j,
4507,required,,j,
4509,colourful,colorful,j,
4522,organizational,,j,
4525,nasty,,j,
4528,emerging,,j,
4531,fierce,,j,
4533,rational,,j,
4539,vocal,,j,
4542,unfair,,j,
4545,risky,,j,
4551,depressed,,j,
4553,closest,,j,
4569,supportive,,j,
4579,informal,,j,
4580,Persian,,j,
4586,perceived,,j,
4587,sole,,j,
4596,partial,,j,
4602,added,,j,
4620,excessive,,j,
4625,logical,,j,
4631,blank,,j,
4636,dying,,j,
4637,developmental,,j,
4638,faster,,j,
4648,striking,,j,
4654,embarrassed,,j,
4655,fucking,,j,
4657,isolated,,j,
4659,suspicious,,j,
4662,eligible,,j,
4669,demographic,,j,
4679,intact,,j,
4684,elaborate,,j,
4692,comparable,,j,
4699,awake,,j,
4702,feminist,,j,
4712,dumb,,j,
4716,philosophical,,j,
4719,municipal,,j,
4734,neat,,j,
4739,mobile,,j,
4752,brutal,,j,
4756,voluntary,,j,
4758,valid,,j,
4770,unhappy,,j,
4772,coming,,j,
4775,distinctive,,j,
4778,calm,,j,
4784,theological,,j,
4788,fragile,,j,
4791,old-fashioned,,j,
4792,crowded,,j,
4799,fantastic,,j,
4801,level,,j,
4805,liquid,,j,
4811,suitable,,j,
4815,cruel,,j,
4824,loyal,,j,
4843,rubber,,j,
4847,favourable,favorable,j,
4849,veteran,,j,
4850,integrated,,j,
4870,blond,,j,
4878,explicit,,j,
4880,disturbing,,j,
4882,magnetic,,j,
4885,devastating,,j,
4896,consecutive,,j,
4897,republican,,j,
4899,worldwide,,j,
4909,brave,,j,
4918,dense,,j,
4921,sunny,,j,
4934,compelling,,j,
4939,troubled,,j,
4942,balanced,,j,
4954,flying,,j,
4955,sustainable,,j,
4961,skilled,,j,
4962,managing,,j,
4964,marine,,j,
4966,organized,,j,
4969,boring,,j,
4974,fatal,,j,
4981,inherent,,j,
4988,selected,,j,
4995,naval,,j,
